y_true,y_pred
0.0,3.942284e-05
1.0,0.3403626
0.0,8.931398e-06
1.0,0.9860854
0.0,2.3469145e-05
1.0,0.009038289
0.0,0.8457708
1.0,0.9999994
1.0,0.9999029
0.0,0.0002694663
