y_true,y_pred
1.0,0.9972764
0.0,0.0030458497
0.0,0.0017153415
1.0,0.99998206
1.0,0.9999759
1.0,0.9929737
0.0,0.00088319473
1.0,0.9932232
0.0,0.009075926
0.0,0.0065825847
0.0,0.0014793919
1.0,0.97537374
1.0,0.9999974
0.0,0.05166039
1.0,0.9999998
0.0,0.026535088
1.0,0.53001803
0.0,0.0017488415
0.0,0.9922402
1.0,0.66508776
