y_true,y_pred
0.0,0.00097149296
0.0,0.012573303
0.0,0.0005943094
0.0,0.07017644
1.0,0.8377197
1.0,0.99998593
0.0,0.043611873
0.0,0.9992199
1.0,0.40363532
1.0,0.9999379
1.0,0.99968785
0.0,0.000115369636
1.0,0.98807967
1.0,0.99877477
1.0,0.11483461
0.0,0.0043681106
1.0,0.99426013
1.0,0.9990453
0.0,0.0007328544
1.0,0.97507834
0.0,0.0010051841
0.0,0.01941559
0.0,0.021856794
0.0,0.024561327
0.0,0.0013609143
1.0,0.50749063
1.0,0.95351064
1.0,0.99971294
0.0,0.01562919
1.0,0.99937856
