y_true,y_pred
1.0,0.99936396
0.0,0.00012833782
0.0,0.003671199
1.0,0.99998367
1.0,0.7403069
1.0,0.26696414
0.0,2.7295086e-05
1.0,0.031431258
0.0,0.00030042956
0.0,1.3051937e-05
0.0,6.6195156e-05
1.0,0.94247776
1.0,0.9997868
0.0,0.0001867248
1.0,0.999996
0.0,0.00020032299
1.0,0.9999843
0.0,4.5380544e-05
0.0,0.5305198
1.0,0.9997195
