y_true,y_pred
0.0,0.00030543245
0.0,0.00017002228
0.0,7.724084e-05
0.0,0.003920696
1.0,0.012410382
1.0,0.999824
0.0,0.0006123296
0.0,0.9267749
1.0,0.9996091
1.0,0.9988571
1.0,0.9993748
0.0,0.0006096148
1.0,0.9905411
1.0,0.25057432
1.0,0.94928277
0.0,0.0014152813
1.0,0.9973127
1.0,0.99773103
0.0,0.06069506
1.0,0.9372191
0.0,0.00010662108
0.0,2.996733e-05
0.0,0.0005694092
0.0,0.0004023669
0.0,0.00022253556
1.0,0.9026603
1.0,0.871946
1.0,0.99582106
0.0,5.7529178e-05
1.0,0.99968606
