y_true,y_pred
0.0,0.00018968608
1.0,0.9996653
0.0,0.019404018
1.0,0.93279505
0.0,3.4721274e-05
1.0,0.9999912
0.0,0.0001898761
1.0,0.9999806
1.0,0.9645901
0.0,1.1971007e-06
