y_true,y_pred
0.0,0.21505375
0.0,0.02362989
0.0,0.0009054423
0.0,0.0021751137
1.0,0.9997701
1.0,0.8398423
0.0,0.00326558
0.0,0.9776979
1.0,0.98656136
1.0,0.9979262
1.0,0.35511371
0.0,0.33496484
1.0,0.99656874
1.0,0.43717209
1.0,0.99995494
0.0,0.99976933
1.0,0.9985209
1.0,0.3397424
0.0,0.70492804
1.0,0.99102646
0.0,0.06124836
0.0,0.14397731
0.0,0.005174663
0.0,0.166472
0.0,0.029642217
1.0,0.99934316
1.0,0.76189166
1.0,0.9951615
0.0,0.063568294
1.0,0.9567248
