y_true,y_pred
0.0,3.7206468e-05
1.0,0.999992
0.0,0.96786857
1.0,0.9999511
0.0,0.00036845525
1.0,0.9999115
0.0,0.84715575
1.0,0.9999235
1.0,0.9723184
0.0,5.94193e-05
