y_true,y_pred
1.0,0.9997535
0.0,0.0044671246
0.0,0.9565839
1.0,0.99841416
1.0,0.4351857
1.0,0.9993235
0.0,0.0015878502
1.0,0.99999005
0.0,0.00013392454
0.0,0.000382065
0.0,0.00014401771
1.0,0.99930084
1.0,0.9985648
0.0,0.41780552
1.0,0.9821382
0.0,0.9993647
1.0,0.9958419
0.0,0.00033654747
0.0,0.8694889
1.0,0.9999365
