y_true,y_pred
0.0,0.00032218968
0.0,0.00021254986
0.0,0.22406685
0.0,0.0005829129
1.0,0.99075156
1.0,0.9742638
0.0,0.001232511
0.0,0.0023877362
1.0,0.9998313
1.0,0.98699427
1.0,0.9552471
0.0,0.10484451
1.0,0.9986252
1.0,0.9726226
1.0,0.990574
0.0,0.00028190715
1.0,0.9996839
1.0,0.21114251
0.0,0.007362905
1.0,0.34585878
0.0,0.0031738828
0.0,0.010127771
0.0,0.008577573
0.0,0.00095764064
0.0,0.0104658
1.0,0.9999355
1.0,0.9879605
1.0,0.919523
0.0,0.043048643
1.0,0.87486714
