y_true,y_pred
0.0,1.5792966e-05
1.0,0.9999902
0.0,4.9125574e-05
1.0,0.99972516
0.0,6.3401544e-06
1.0,0.9999904
0.0,7.4676977e-06
1.0,0.9993826
1.0,0.9995944
0.0,0.066519886
