y_true,y_pred
1.0,0.9991935
0.0,3.8423448e-05
0.0,0.002333676
1.0,0.9824279
1.0,0.9985274
1.0,0.99981564
0.0,0.0063713756
1.0,0.9995235
0.0,0.00023474361
0.0,0.12526205
0.0,0.5977303
1.0,0.99999875
1.0,0.99801016
0.0,0.00020849865
1.0,0.9979716
0.0,3.8664464e-05
1.0,0.99997264
0.0,0.0012558264
0.0,7.309462e-05
1.0,0.9999713
