y_true,y_pred
1.0,0.9943028
0.0,0.004751597
0.0,9.2465736e-05
1.0,0.9999485
1.0,0.99989134
1.0,0.9998182
0.0,3.4002094e-06
1.0,0.9999915
0.0,5.1561063e-05
0.0,9.966731e-06
0.0,8.449925e-07
1.0,0.99996644
1.0,0.08354556
0.0,0.00087183656
1.0,0.99996996
0.0,1.0049129e-06
1.0,0.9999839
0.0,0.0011331365
0.0,0.00022139188
1.0,0.9999924
