y_true,y_pred
0.0,6.423877e-06
1.0,0.9999947
0.0,3.4525565e-06
1.0,0.9999522
0.0,6.041202e-05
1.0,0.9999991
0.0,2.6039575e-05
1.0,0.0362125
1.0,0.9999578
0.0,1.041064e-07
