y_true,y_pred
0.0,0.010232995
0.0,0.114470944
0.0,3.7247064e-06
0.0,0.0006548607
1.0,0.99973154
1.0,0.9994537
0.0,0.0009294988
0.0,0.00066606386
1.0,0.9995946
1.0,0.9981348
1.0,0.7807703
0.0,0.00047161928
1.0,0.7388577
1.0,0.99921024
1.0,0.9999699
0.0,1.2917774e-07
1.0,0.98837453
1.0,0.91281915
0.0,0.0014237481
1.0,0.002128773
0.0,3.0405636e-06
0.0,0.0003037108
0.0,1.2101401e-05
0.0,6.726219e-05
0.0,0.0045874137
1.0,0.99813277
1.0,0.99694484
1.0,0.0017394364
0.0,4.861459e-06
1.0,0.9988953
