y_true,y_pred
0.0,0.00064769253
1.0,0.99951553
0.0,0.00020439111
1.0,0.9612757
0.0,8.973186e-05
1.0,0.014066992
0.0,4.161292e-05
1.0,0.00090174575
1.0,0.9796492
0.0,9.124516e-05
