y_true,y_pred
1.0,0.3771205
0.0,0.00042358672
0.0,0.19252038
1.0,0.999904
1.0,0.9143222
1.0,0.9986921
0.0,0.87816143
1.0,0.969027
0.0,0.001801835
0.0,0.0008057246
0.0,0.0002990407
1.0,0.25002813
1.0,0.16868173
0.0,0.00092804746
1.0,0.8715157
0.0,0.12163856
1.0,0.09339937
0.0,0.00078912784
0.0,0.028454836
1.0,0.9499529
