y_true,y_pred
0.0,0.01167623
0.0,0.26598454
0.0,0.000264668
0.0,0.0012430624
1.0,0.050950762
1.0,0.031229887
0.0,0.0044008014
0.0,0.00094522716
1.0,0.14477354
1.0,0.9771688
1.0,0.06377147
0.0,0.07592208
1.0,0.015796127
1.0,0.22050564
1.0,0.528695
0.0,0.0424786
1.0,0.4277314
1.0,0.0037187769
0.0,0.031131594
1.0,0.09773913
0.0,0.26069468
0.0,0.0046150163
0.0,0.00051014323
0.0,0.0038583975
0.0,9.806227e-05
1.0,0.009870315
1.0,0.92225975
1.0,0.009835611
0.0,0.13204938
1.0,0.9993205
