y_true,y_pred
0.0,0.0072214343
0.0,0.0052306787
0.0,0.0051878407
0.0,0.052540537
1.0,0.99369115
1.0,0.3051869
0.0,0.00029372404
0.0,0.04854315
1.0,0.58793336
1.0,0.99994504
1.0,0.0015317497
0.0,0.027700163
1.0,0.08574015
1.0,0.70679086
1.0,0.9999545
0.0,0.0019806675
1.0,0.9990977
1.0,0.99771726
0.0,0.0065499926
1.0,0.93643683
0.0,0.00027085046
0.0,0.0738562
0.0,0.0033389085
0.0,0.0234398
0.0,0.00034852812
1.0,0.74397016
1.0,0.9987361
1.0,0.9979097
0.0,0.0001747635
1.0,0.0005155349
