y_true,y_pred
1.0,0.9999393
0.0,9.528263e-05
0.0,0.0003044777
1.0,0.00024475218
1.0,0.37102714
1.0,0.9917822
0.0,0.0002545199
1.0,0.9991875
0.0,5.213336e-05
0.0,0.00016496661
0.0,0.00022362288
1.0,0.6885155
1.0,0.99935573
0.0,0.0006344506
1.0,0.00743423
0.0,0.0006317902
1.0,0.0019486791
0.0,0.00018546022
0.0,0.00019029313
1.0,0.9999965
