y_true,y_pred
0.0,2.8690449e-05
1.0,0.99999946
0.0,0.0011919518
1.0,0.9999059
0.0,0.00017561087
1.0,0.88083416
0.0,0.0021142936
1.0,0.9999285
1.0,0.1992782
0.0,7.133169e-05
