y_true,y_pred
1.0,0.9999942
0.0,0.331442
0.0,6.91072e-05
1.0,0.997554
1.0,0.99999297
1.0,0.99997365
0.0,1.8063265e-06
1.0,0.99999976
0.0,1.4690681e-05
0.0,1.7006877e-06
0.0,8.27488e-06
1.0,0.9998747
1.0,0.99986374
0.0,0.00039640986
1.0,0.99999994
0.0,4.1373815e-07
1.0,0.99988645
0.0,4.5897588e-07
0.0,4.7595248e-07
1.0,0.9999022
