y_true,y_pred
0.0,0.98093736
0.0,1.0703517e-05
0.0,2.7958135e-05
0.0,0.0001968345
1.0,0.999998
1.0,0.9999992
0.0,0.0005017237
0.0,0.0003803616
1.0,0.99977905
1.0,0.9976532
1.0,0.99559957
0.0,0.004992122
1.0,0.99997574
1.0,0.99991906
1.0,0.9995911
0.0,0.0002554503
1.0,0.99996585
1.0,0.99942946
0.0,0.00038268813
1.0,0.9999647
0.0,3.166187e-05
0.0,0.00032552175
0.0,0.00018594592
0.0,0.044803217
0.0,6.136829e-05
1.0,0.99993294
1.0,0.9997229
1.0,0.99992007
0.0,0.69868255
1.0,0.8546169
