y_true,y_pred
0.0,0.002285568
1.0,0.99996066
0.0,0.9273599
1.0,0.9999958
0.0,0.6830056
1.0,0.9999483
0.0,0.7125604
1.0,0.99997747
1.0,0.9999879
0.0,0.0008421174
