y_true,y_pred
0.0,0.9176084
0.0,0.2486796
0.0,0.05567742
0.0,0.20168397
1.0,0.20710205
1.0,0.111905254
0.0,0.11346627
0.0,0.093605116
1.0,0.9696306
1.0,0.7788904
1.0,0.6398621
0.0,0.56948316
1.0,0.9075046
1.0,0.42131105
1.0,0.6797119
0.0,0.70321393
1.0,0.7312381
1.0,0.529466
0.0,0.3134079
1.0,0.64042455
0.0,0.5368783
0.0,0.15226342
0.0,0.23469308
0.0,0.35361943
0.0,0.8015176
1.0,0.8376435
1.0,0.69912964
1.0,0.95722663
0.0,0.28966874
1.0,0.8225603
