y_true,y_pred
1.0,0.26852348
0.0,0.12463629
0.0,0.00083237834
1.0,0.4519914
1.0,0.18014582
1.0,0.010814396
0.0,0.11174108
1.0,0.16030146
0.0,0.00053905265
0.0,0.0013074364
0.0,0.0069336896
1.0,0.9330623
1.0,0.059910163
0.0,0.0003224113
1.0,0.0072655506
0.0,0.008155505
1.0,0.97820824
0.0,0.056018226
0.0,0.025192756
1.0,0.7773905
