y_true,y_pred
0.0,0.0054188846
1.0,0.9996318
0.0,0.00375026
1.0,0.69130427
0.0,0.96593505
1.0,0.99984896
0.0,0.0030065957
1.0,0.853914
1.0,0.9943467
0.0,0.0038276294
