y_true,y_pred
0.0,0.0017074076
1.0,0.92195964
0.0,0.0025537538
1.0,0.9993219
0.0,0.9971511
1.0,0.99936295
0.0,0.9957594
1.0,0.9995101
1.0,0.23721923
0.0,0.0050506806
