y_true,y_pred
0.0,0.58503056
0.0,0.2147183
0.0,0.017028442
0.0,0.6281435
1.0,0.30911422
1.0,0.8510944
0.0,0.06592133
0.0,0.5237755
1.0,0.22633694
1.0,0.37211248
1.0,0.96
0.0,0.0895964
1.0,0.3900379
1.0,0.1910317
1.0,0.4132455
0.0,0.07333415
1.0,0.22912323
1.0,0.7101176
0.0,0.3000551
1.0,0.7474688
0.0,0.24881339
0.0,0.5014349
0.0,0.664215
0.0,0.32758713
0.0,0.59546727
1.0,0.24367014
1.0,0.94756174
1.0,0.5481519
0.0,0.24592544
1.0,0.9220584
