y_true,y_pred
1.0,0.9608099
0.0,0.9078325
0.0,0.106372476
1.0,0.9947759
1.0,0.7265164
1.0,0.9977695
0.0,0.0136121
1.0,0.9328517
0.0,0.057378814
0.0,0.07314803
0.0,0.0062062433
1.0,0.66830367
1.0,0.9967448
0.0,0.9812064
1.0,0.9981797
0.0,0.16765143
1.0,0.9837425
0.0,0.9500662
0.0,0.967316
1.0,0.7663577
