y_true,y_pred
1.0,0.8741804
0.0,0.00068113755
0.0,0.0024534466
1.0,0.837733
1.0,0.33765575
1.0,0.99914426
0.0,2.6797154e-05
1.0,0.16587591
0.0,5.4052824e-05
0.0,1.5363656e-05
0.0,0.00021600626
1.0,0.11882813
1.0,0.99936885
0.0,0.00035466027
1.0,0.9417143
0.0,0.0002966837
1.0,0.9997829
0.0,0.007124566
0.0,0.00021515609
1.0,0.0025427793
