y_true,y_pred
0.0,3.82569e-05
1.0,0.07509857
0.0,0.016197933
1.0,0.9999685
0.0,1.5000639e-05
1.0,0.99931604
0.0,4.4776694e-05
1.0,0.99975336
1.0,0.28299692
0.0,7.2645244e-06
