y_true,y_pred
1.0,0.027644519
0.0,9.1656846e-05
0.0,0.007191222
1.0,0.7789581
1.0,0.8414223
1.0,0.9743487
0.0,0.0023903728
1.0,0.994298
0.0,0.00030608248
0.0,0.0004903062
0.0,0.003479202
1.0,0.0148466015
1.0,0.85820657
0.0,0.03564859
1.0,0.99921304
0.0,0.000108074506
1.0,0.97251993
0.0,0.00027332944
0.0,0.11508644
1.0,0.99355435
