y_true,y_pred
0.0,0.015211904
0.0,0.58756083
0.0,0.80949223
0.0,0.14559859
1.0,0.99318945
1.0,0.9975727
0.0,0.2488216
0.0,0.96295315
1.0,0.97495437
1.0,0.99540085
1.0,0.13736062
0.0,0.10448262
1.0,0.01338602
1.0,0.8236332
1.0,0.99438184
0.0,0.004711647
1.0,0.24996142
1.0,0.995178
0.0,0.024510492
1.0,0.3218424
0.0,0.096922584
0.0,0.26410496
0.0,0.2179159
0.0,0.6111448
0.0,0.009810316
1.0,0.04223714
1.0,0.6311669
1.0,0.86643666
0.0,0.03930932
1.0,0.93523985
