y_true,y_pred
0.0,9.359459e-05
1.0,0.9983201
0.0,0.22863635
1.0,0.99961656
0.0,5.2701707e-06
1.0,0.9960795
0.0,0.0116987275
1.0,0.9218154
1.0,0.9977016
0.0,7.031573e-05
