y_true,y_pred
0.0,0.39786607
0.0,0.0014647868
0.0,0.0025447404
0.0,0.0004139447
1.0,0.98843163
1.0,0.99627304
0.0,0.0029508905
0.0,0.08524669
1.0,0.99881846
1.0,0.9993856
1.0,0.96855646
0.0,0.0025543394
1.0,0.99149144
1.0,0.99980253
1.0,0.99994564
0.0,1.7037853e-06
1.0,0.00790609
1.0,0.96644694
0.0,0.0014472433
1.0,0.97929263
0.0,3.0140575e-06
0.0,0.027476951
0.0,5.31763e-05
0.0,0.008237475
0.0,0.9488122
1.0,0.9986113
1.0,0.99243057
1.0,0.9838681
0.0,2.150247e-06
1.0,0.9981248
