y_true,y_pred
1.0,0.99910194
0.0,0.070205234
0.0,0.00035261468
1.0,0.9999892
1.0,0.99997634
1.0,0.9989213
0.0,2.3505814e-05
1.0,0.99997807
0.0,0.0014196583
0.0,0.00048791867
0.0,3.4681492e-05
1.0,0.99996644
1.0,0.95009327
0.0,0.002213887
1.0,0.9988029
0.0,1.0604576e-05
1.0,0.99998164
0.0,0.20942923
0.0,0.00037466362
1.0,0.9999913
