y_true,y_pred
0.0,0.0005697984
1.0,0.99993753
0.0,0.0007605586
1.0,0.99987125
0.0,0.011178957
1.0,0.99998766
0.0,0.0001702317
1.0,0.9239927
1.0,0.9999383
0.0,1.3713555e-05
