y_true,y_pred
0.0,0.00028466986
1.0,0.012711959
0.0,0.00024678756
1.0,0.90833557
0.0,0.00013817044
1.0,0.023084968
0.0,0.2605253
1.0,0.99917066
1.0,0.92084193
0.0,6.807628e-06
