y_true,y_pred
0.0,0.0002220824
0.0,0.0005306755
0.0,0.0005786231
0.0,0.0008997139
1.0,0.017836595
1.0,0.96937984
0.0,0.792104
0.0,0.01766551
1.0,0.0076285917
1.0,0.9762177
1.0,0.90367335
0.0,0.0012372505
1.0,0.9599233
1.0,0.8700358
1.0,0.00067624444
0.0,0.010435906
1.0,0.98072535
1.0,0.98197454
0.0,0.0008025736
1.0,0.8183372
0.0,7.957558e-05
0.0,0.000586724
0.0,0.0032480774
0.0,0.003295506
0.0,0.010568538
1.0,0.8928357
1.0,0.0039893766
1.0,0.23009107
0.0,0.0006816806
1.0,0.8670929
