y_true,y_pred
1.0,0.9826251
0.0,2.816411e-05
0.0,4.044731e-05
1.0,0.97714657
1.0,0.9974224
1.0,0.018371463
0.0,1.9584147e-07
1.0,0.05808498
0.0,0.00075464894
0.0,1.2356921e-06
0.0,1.6180682e-05
1.0,0.91122663
1.0,0.8149392
0.0,0.002565183
1.0,0.99688745
0.0,3.4107827e-05
1.0,0.0064845947
0.0,6.1313044e-06
0.0,0.013278834
1.0,0.0030432218
