y_true,y_pred
0.0,0.0381538
1.0,0.998382
0.0,0.9199766
1.0,0.99998295
0.0,0.41366905
1.0,0.99998987
0.0,0.00015090303
1.0,0.99988556
1.0,0.9027634
0.0,1.9310133e-05
