y_true,y_pred
0.0,0.9879704
0.0,0.008318074
0.0,0.0064507704
0.0,0.29532778
1.0,0.9984494
1.0,0.1448943
0.0,0.0111961225
0.0,0.0064373165
1.0,0.99860036
1.0,0.028562574
1.0,0.5429808
0.0,0.0017786179
1.0,0.012515526
1.0,0.020575771
1.0,0.27972126
0.0,0.0030342913
1.0,0.81216407
1.0,0.88621545
0.0,0.12896635
1.0,0.09649219
0.0,0.010656223
0.0,0.0002442307
0.0,0.011709838
0.0,0.00085763016
0.0,0.0009847891
1.0,0.49006316
1.0,0.33492586
1.0,0.9641571
0.0,0.20947713
1.0,0.9798084
