y_true,y_pred
1.0,0.9987041
0.0,0.27840284
0.0,0.9792992
1.0,0.9987113
1.0,0.6970152
1.0,0.9997625
0.0,0.0012357928
1.0,0.9997437
0.0,0.0006858716
0.0,1.6814347e-05
0.0,0.004001494
1.0,0.9982029
1.0,0.99993056
0.0,0.00017886207
1.0,0.83812124
0.0,0.0004168354
1.0,0.9996298
0.0,8.033997e-05
0.0,0.00085093285
1.0,0.99224526
