y_true,y_pred
0.0,0.0017440048
0.0,0.00019250793
0.0,0.00074453413
0.0,0.00066228915
1.0,0.3447319
1.0,0.013313873
0.0,0.00031666682
0.0,0.00052906986
1.0,0.9983231
1.0,0.35329503
1.0,0.0056968615
0.0,0.00043707027
1.0,0.9891238
1.0,0.9559192
1.0,0.29220438
0.0,0.6417521
1.0,0.9998242
1.0,0.011830496
0.0,0.013173268
1.0,0.685494
0.0,0.00022060487
0.0,0.0013232686
0.0,0.0011681513
0.0,0.0003345546
0.0,0.00027404496
1.0,0.9877724
1.0,0.9932452
1.0,0.99049693
0.0,0.0007900854
1.0,0.0027018855
