y_true,y_pred
0.0,2.3496938e-05
1.0,0.9998942
0.0,0.00019655317
1.0,0.9989994
0.0,0.00042884375
1.0,0.9999802
0.0,1.941081e-05
1.0,0.9999351
1.0,0.99943924
0.0,1.19471515e-05
