y_true,y_pred
1.0,0.8978686
0.0,0.00042711457
0.0,0.00022790353
1.0,0.12994875
1.0,0.9976446
1.0,0.9641971
0.0,7.244219e-05
1.0,0.99734414
0.0,2.8515908e-05
0.0,9.6292664e-05
0.0,0.00087523006
1.0,0.9999244
1.0,0.9980943
0.0,8.982187e-06
1.0,0.5267793
0.0,0.18387628
1.0,0.9994989
0.0,3.2420416e-05
0.0,0.0012077198
1.0,0.9998082
