y_true,y_pred
0.0,0.0053603635
1.0,0.9426176
0.0,0.9996924
1.0,0.9999457
0.0,0.0017654421
1.0,0.9949575
0.0,0.0336005
1.0,0.5862793
1.0,0.09800216
0.0,0.0006727634
