y_true,y_pred
1.0,0.035855353
0.0,0.0010687705
0.0,0.9991693
1.0,0.6964789
1.0,0.11139837
1.0,0.99841297
0.0,0.00022300328
1.0,0.9998083
0.0,0.027012825
0.0,0.0036344293
0.0,0.0061922274
1.0,0.99954313
1.0,0.9651745
0.0,0.55837107
1.0,0.0083490815
0.0,0.9706722
1.0,0.19038223
0.0,0.00021504186
0.0,0.03280107
1.0,0.8512728
