y_true,y_pred
0.0,0.14811517
0.0,0.038925644
0.0,0.14783783
0.0,0.0033782346
1.0,0.9981357
1.0,0.008253993
0.0,0.026584264
0.0,0.4139813
1.0,0.63385856
1.0,0.8713795
1.0,0.42994642
0.0,0.39196303
1.0,0.005493065
1.0,0.06567782
1.0,0.8512721
0.0,0.42733228
1.0,0.86655813
1.0,0.023597214
0.0,0.99606425
1.0,0.141363
0.0,0.007910611
0.0,0.72426814
0.0,0.0044317343
0.0,0.93536174
0.0,0.0035697694
1.0,0.99427944
1.0,0.9741634
1.0,0.93682015
0.0,0.02783792
1.0,0.4374887
