y_true,y_pred
0.0,0.22050424
0.0,0.07644944
0.0,0.002485897
0.0,0.047073077
1.0,0.9996484
1.0,0.8012931
0.0,0.43072453
0.0,0.036528133
1.0,0.5852771
1.0,0.65697515
1.0,0.98466694
0.0,0.6512921
1.0,0.9876068
1.0,0.99481475
1.0,0.85758114
0.0,0.00248604
1.0,0.98235035
1.0,0.6528003
0.0,0.9755127
1.0,0.98674184
0.0,0.22593442
0.0,0.8862165
0.0,0.02132224
0.0,0.0013655954
0.0,0.27008465
1.0,0.9517972
1.0,0.99296486
1.0,0.98945063
0.0,0.95136505
1.0,0.9985544
