y_true,y_pred
0.0,0.002191747
1.0,0.9994564
0.0,0.7194729
1.0,0.99966484
0.0,0.2516433
1.0,0.3124889
0.0,9.325289e-06
1.0,0.9999187
1.0,0.9986797
0.0,0.0013139629
