y_true,y_pred
1.0,0.9998908
0.0,0.60191935
0.0,0.9756344
1.0,0.9998403
1.0,0.98999476
1.0,0.99917424
0.0,0.00094380224
1.0,0.99990326
0.0,0.016477663
0.0,0.024304073
0.0,0.0010198111
1.0,0.30073905
1.0,0.9975478
0.0,8.818948e-05
1.0,0.76476103
0.0,0.00014638703
1.0,0.68791664
0.0,0.007446082
0.0,0.0008536376
1.0,0.9945804
