y_true,y_pred
0.0,0.98059064
1.0,0.9999651
0.0,0.9993076
1.0,0.9999989
0.0,0.0009261267
1.0,0.9999999
0.0,0.0009509633
1.0,0.9999914
1.0,0.9999996
0.0,6.190836e-05
