y_true,y_pred
0.0,7.769122e-05
0.0,7.121866e-05
0.0,0.11396909
0.0,0.00011906332
1.0,0.99878836
1.0,0.49498814
0.0,0.94836706
0.0,3.798556e-05
1.0,0.99933654
1.0,0.84265286
1.0,0.5809373
0.0,0.00013631165
1.0,0.69599503
1.0,0.9997036
1.0,0.9983944
0.0,0.06642301
1.0,0.9989049
1.0,0.9965777
0.0,0.86581796
1.0,0.9989303
0.0,6.901915e-05
0.0,0.00038649683
0.0,0.023389677
0.0,0.0014376559
0.0,2.7879296e-05
1.0,0.9211585
1.0,0.99996865
1.0,0.99950516
0.0,0.00047445184
1.0,0.6585253
