y_true,y_pred
1.0,0.45699176
0.0,8.854468e-06
0.0,0.03112107
1.0,0.39345095
1.0,0.99995935
1.0,0.9999607
0.0,4.8441498e-06
1.0,0.8730455
0.0,0.680204
0.0,4.6290963e-05
0.0,0.00010706212
1.0,0.9182235
1.0,0.9997992
0.0,1.9434647e-05
1.0,0.056775168
0.0,0.0010909683
1.0,0.99977535
0.0,1.6172535e-06
0.0,4.0716236e-06
1.0,0.9999515
