y_true,y_pred
0.0,0.6186361
0.0,0.00024683037
0.0,0.00015447497
0.0,0.000688108
1.0,0.9990525
1.0,0.9999413
0.0,0.00019109338
0.0,9.249202e-05
1.0,0.99988544
1.0,0.7190697
1.0,0.9999609
0.0,0.00023358107
1.0,0.93041384
1.0,0.9944244
1.0,0.9976268
0.0,0.00033885826
1.0,0.9985996
1.0,0.99398804
0.0,0.0026399165
1.0,0.9718007
0.0,4.723513e-05
0.0,0.00021956826
0.0,0.00014481186
0.0,0.0012429012
0.0,0.00036872688
1.0,0.99999213
1.0,0.99947417
1.0,0.8385344
0.0,0.00032015904
1.0,0.88982826
