y_true,y_pred
1.0,0.9943643
0.0,0.70459044
0.0,0.004884128
1.0,0.9360946
1.0,0.98953456
1.0,0.9994911
0.0,2.2587255e-05
1.0,0.99986464
0.0,4.0252256e-05
0.0,2.2408602e-05
0.0,6.734467e-05
1.0,0.9999969
1.0,0.85723114
0.0,0.00084033265
1.0,0.99999326
0.0,0.0006408041
1.0,0.9999894
0.0,0.00051978213
0.0,3.3873926e-05
1.0,0.978018
