y_true,y_pred
0.0,4.014603e-05
1.0,0.999891
0.0,0.011476116
1.0,0.9999641
0.0,0.91244936
1.0,0.999995
0.0,0.00039632805
1.0,0.99224484
1.0,0.9996698
0.0,2.4425983e-05
