y_true,y_pred
0.0,0.0006429136
0.0,0.00042914634
0.0,0.032431886
0.0,0.00026078895
1.0,0.99833804
1.0,0.9934167
0.0,0.99699956
0.0,6.168988e-05
1.0,0.9991882
1.0,0.99822026
1.0,0.55089414
0.0,0.053482458
1.0,0.0407941
1.0,0.9999542
1.0,0.99994975
0.0,0.48959088
1.0,0.9999713
1.0,0.999851
0.0,0.9728201
1.0,0.99996364
0.0,0.0022709118
0.0,0.79187185
0.0,0.6571473
0.0,0.6708807
0.0,0.00020010941
1.0,0.8533047
1.0,0.99997187
1.0,0.9999477
0.0,0.00087660167
1.0,0.9985403
