y_true,y_pred
0.0,0.09761538
1.0,0.99993384
0.0,0.82901424
1.0,0.99978405
0.0,7.803085e-05
1.0,0.9999389
0.0,0.0020693336
1.0,0.99913704
1.0,0.99997175
0.0,0.0038536063
