y_true,y_pred
1.0,0.0023406534
0.0,2.229382e-05
0.0,0.71925825
1.0,0.999015
1.0,0.9999486
1.0,0.999955
0.0,3.0034818e-05
1.0,0.9928698
0.0,0.9899418
0.0,0.045407187
0.0,0.00033738688
1.0,0.19439572
1.0,0.99989647
0.0,0.0037896913
1.0,0.9888546
0.0,0.010375971
1.0,0.9997151
0.0,1.1577315e-05
0.0,3.8906996e-06
1.0,0.9999868
