y_true,y_pred
0.0,0.002416637
0.0,0.15603699
0.0,0.0011478283
0.0,0.0014463731
1.0,0.9977912
1.0,0.2867641
0.0,0.50983393
0.0,0.0008029159
1.0,0.9432208
1.0,0.9989731
1.0,0.006194247
0.0,0.0012410611
1.0,0.996868
1.0,0.99993885
1.0,0.9990909
0.0,0.026497321
1.0,0.99927115
1.0,0.9997544
0.0,0.001464612
1.0,0.9647567
0.0,0.0017538046
0.0,0.021582726
0.0,0.034704357
0.0,0.10214591
0.0,0.004319588
1.0,0.11581156
1.0,0.047398504
1.0,0.99987084
0.0,0.0009579052
1.0,0.9687613
