y_true,y_pred
0.0,0.029619588
1.0,0.99992687
0.0,0.00015639309
1.0,0.66459125
0.0,0.00032944835
1.0,0.99992394
0.0,0.0009091594
1.0,0.9999893
1.0,0.99999654
0.0,0.00046321933
