y_true,y_pred
1.0,0.9993934
0.0,0.00022496138
0.0,0.0012181356
1.0,0.99869686
1.0,0.9999826
1.0,0.9721419
0.0,0.00052390987
1.0,0.9988947
0.0,0.20776689
0.0,0.00076925656
0.0,4.5796987e-05
1.0,0.0038677426
1.0,0.99998367
0.0,0.030826556
1.0,0.42141807
0.0,0.0018563576
1.0,0.99692935
0.0,0.0010739088
0.0,2.7362275e-05
1.0,0.9998752
