y_true,y_pred
0.0,0.025372094
0.0,0.0015403822
0.0,0.0033338508
0.0,0.012386805
1.0,0.07830336
1.0,0.97690094
0.0,0.41050082
0.0,0.033548526
1.0,0.78095526
1.0,0.98541594
1.0,0.012297545
0.0,0.1510982
1.0,0.98539186
1.0,0.9723027
1.0,0.5528093
0.0,0.02080179
1.0,0.96846783
1.0,0.42364982
0.0,0.0029129505
1.0,0.68757135
0.0,0.09466916
0.0,0.010268718
0.0,0.40482378
0.0,0.0053573903
0.0,0.042192295
1.0,0.35082263
1.0,0.96407026
1.0,0.2073028
0.0,0.005846348
1.0,0.99734026
