y_true,y_pred
1.0,0.9387365
0.0,0.0012207207
0.0,0.001610747
1.0,0.9998818
1.0,0.98101646
1.0,0.9997542
0.0,0.118237525
1.0,0.17152207
0.0,0.010930033
0.0,0.009371722
0.0,0.0024009899
1.0,0.8298616
1.0,0.4629056
0.0,0.0004596005
1.0,0.9944813
0.0,0.0016035173
1.0,0.85247225
0.0,0.0043939864
0.0,0.00047791033
1.0,0.9716679
