y_true,y_pred
0.0,0.0003346603
1.0,0.9991901
0.0,4.9313694e-05
1.0,0.99940425
0.0,2.3433493e-05
1.0,0.10095423
0.0,1.15071425e-05
1.0,0.039915852
1.0,0.9982674
0.0,0.007684833
