y_true,y_pred
0.0,4.9426135e-06
1.0,0.9627228
0.0,2.5159305e-05
1.0,0.9678562
0.0,0.00072678825
1.0,0.99999803
0.0,8.399445e-06
1.0,0.9998574
1.0,0.9591261
0.0,3.418128e-05
