y_true,y_pred
0.0,0.002933655
0.0,0.5139992
0.0,0.000928357
0.0,0.0088331355
1.0,0.99900734
1.0,0.86911184
0.0,0.0014763245
0.0,0.00036733344
1.0,0.9999886
1.0,0.9999159
1.0,0.76143163
0.0,0.0042443955
1.0,0.95653576
1.0,0.9839814
1.0,0.9877037
0.0,5.0819028e-05
1.0,0.99999446
1.0,0.97636896
0.0,0.0018694897
1.0,0.99936175
0.0,0.0002570645
0.0,0.00068463426
0.0,0.00015021909
0.0,0.00020831742
0.0,0.00034922504
1.0,0.9992102
1.0,0.9952468
1.0,0.99944854
0.0,0.00078745314
1.0,0.8660698
