y_true,y_pred
1.0,0.8603746
0.0,0.002856308
0.0,0.00040164014
1.0,0.36998573
1.0,0.98149
1.0,0.9543954
0.0,8.810777e-05
1.0,0.9997122
0.0,0.00012398737
0.0,0.0002937481
0.0,0.00012521913
1.0,0.99978346
1.0,0.99839836
0.0,8.012964e-05
1.0,0.99757993
0.0,6.465011e-06
1.0,0.9999986
0.0,0.000110109955
0.0,0.0001123833
1.0,0.83300865
