y_true,y_pred
1.0,0.99981797
0.0,0.64666265
0.0,1.452247e-06
1.0,0.9982979
1.0,0.9983362
1.0,0.36925575
0.0,7.425439e-05
1.0,0.99951833
0.0,2.7980536e-09
0.0,6.997485e-05
0.0,1.7085285e-05
1.0,0.9991935
1.0,0.9997959
0.0,2.7761156e-05
1.0,0.99996847
0.0,6.3803164e-08
1.0,0.9999996
0.0,0.0021365257
0.0,0.0005343664
1.0,0.99837613
