y_true,y_pred
0.0,0.00054177723
0.0,3.0902855e-05
0.0,0.0025600824
0.0,0.00017383444
1.0,0.99999374
1.0,0.99998945
0.0,4.2969357e-09
0.0,0.005407854
1.0,0.9999893
1.0,0.9993978
1.0,0.71478164
0.0,7.889059e-08
1.0,0.999988
1.0,0.3675636
1.0,0.99651223
0.0,1.6506611e-07
1.0,0.9950605
1.0,0.9996051
0.0,2.4013207e-06
1.0,0.99996495
0.0,7.450781e-06
0.0,1.0857296e-05
0.0,6.1104934e-06
0.0,1.2785414e-05
0.0,0.0003842965
1.0,0.9997329
1.0,0.20275833
1.0,0.99998283
0.0,5.955855e-06
1.0,0.99990016
