y_true,y_pred
0.0,2.49275e-09
1.0,0.9896832
0.0,2.740607e-06
1.0,0.98157275
0.0,0.91280246
1.0,0.99998754
0.0,0.0002717947
1.0,0.99997956
1.0,0.98978454
0.0,1.8454626e-05
