y_true,y_pred
0.0,4.790354e-07
1.0,0.99834836
0.0,0.00024848487
1.0,0.99964494
0.0,0.9996633
1.0,0.9999981
0.0,0.0024024209
1.0,0.9999473
1.0,0.9999498
0.0,9.4335155e-05
