y_true,y_pred
1.0,0.9999974
0.0,0.35011858
0.0,0.00015755805
1.0,0.9989052
1.0,0.9393273
1.0,0.99545103
0.0,0.0003625562
1.0,0.99996483
0.0,3.923658e-07
0.0,0.00014200916
0.0,0.00044485347
1.0,0.9999969
1.0,0.99965
0.0,0.0011982439
1.0,0.9999988
0.0,4.1447884e-06
1.0,0.9999891
0.0,0.003354902
0.0,0.00041310012
1.0,0.99941885
