y_true,y_pred
0.0,0.8477157
0.0,0.9488054
0.0,0.005336047
0.0,0.99696493
1.0,0.9998661
1.0,0.9999878
0.0,2.307426e-06
0.0,0.0761102
1.0,0.99992615
1.0,0.9991454
1.0,0.9999004
0.0,0.004496707
1.0,0.99996847
1.0,0.99875677
1.0,0.9993239
0.0,0.000112560265
1.0,0.99980056
1.0,0.99999696
0.0,0.00021095765
1.0,0.99986356
0.0,0.0006847318
0.0,0.0009952071
0.0,0.0010972336
0.0,0.00033303126
0.0,0.046458516
1.0,0.9999742
1.0,0.97429514
1.0,0.998866
0.0,0.009904327
1.0,0.99737376
