y_true,y_pred
0.0,0.013141823
0.0,0.0014762422
0.0,0.003845765
0.0,0.0024749823
1.0,0.007483478
1.0,0.9764651
0.0,0.0122998
0.0,0.5155605
1.0,0.9737465
1.0,0.70952624
1.0,0.0013071599
0.0,0.10094201
1.0,0.99354446
1.0,0.9909015
1.0,0.80280197
0.0,0.11649735
1.0,0.6937127
1.0,0.021132661
0.0,0.9188519
1.0,0.0064599453
0.0,0.0014658922
0.0,0.19175956
0.0,0.002170417
0.0,0.008201502
0.0,0.34645668
1.0,0.24636391
1.0,0.99206126
1.0,0.2350758
0.0,0.00035501632
1.0,0.023992673
