y_true,y_pred
0.0,0.00014236034
1.0,0.99606436
0.0,0.997558
1.0,0.99914503
0.0,0.0010860788
1.0,0.9987721
0.0,0.00028978733
1.0,0.99925077
1.0,0.9994103
0.0,0.0022222034
