y_true,y_pred
1.0,0.9893672
0.0,0.0011460105
0.0,0.9827234
1.0,0.9989463
1.0,0.9970498
1.0,0.99756
0.0,0.015512809
1.0,0.000566538
0.0,0.00028957054
0.0,0.0040089
0.0,0.0003006553
1.0,0.0029286603
1.0,0.9984739
0.0,0.011126935
1.0,0.93872666
0.0,0.00070123235
1.0,0.98349863
0.0,0.20795204
0.0,0.13870291
1.0,0.8502702
