y_true,y_pred
0.0,0.07373092
0.0,0.9933147
0.0,0.00027163172
0.0,0.28576326
1.0,0.9999913
1.0,0.9999969
0.0,0.048189964
0.0,0.00020117959
1.0,0.9999998
1.0,0.9999839
1.0,0.9999173
0.0,0.27104414
1.0,0.92987293
1.0,0.9993787
1.0,0.9930373
0.0,4.5602355e-05
1.0,0.9999998
1.0,0.999903
0.0,0.00075279106
1.0,0.99999034
0.0,0.00037915335
0.0,0.0013045146
0.0,0.00011538768
0.0,0.00023082187
0.0,0.00022700093
1.0,0.9999952
1.0,0.89396995
1.0,0.99587923
0.0,0.0051960237
1.0,0.6660539
