y_true,y_pred
0.0,2.2695713e-05
1.0,0.9982961
0.0,0.000185858
1.0,0.8704281
0.0,0.893974
1.0,0.9999999
0.0,6.759445e-05
1.0,0.9994589
1.0,0.99204737
0.0,6.512249e-05
