y_true,y_pred
1.0,0.83404946
0.0,0.003455994
0.0,0.00010991903
1.0,0.023105325
1.0,0.9221271
1.0,0.60461265
0.0,1.6030377e-05
1.0,0.99998647
0.0,3.141668e-06
0.0,2.2976863e-05
0.0,2.8252225e-06
1.0,0.9999886
1.0,0.8943087
0.0,4.7643894e-06
1.0,0.9999918
0.0,4.860922e-07
1.0,0.9999995
0.0,1.2478672e-06
0.0,3.9144265e-07
1.0,0.92306614
