y_true,y_pred
1.0,0.99897116
0.0,2.49073e-07
0.0,0.831527
1.0,0.30095816
1.0,0.9997567
1.0,0.9995282
0.0,7.732268e-06
1.0,0.00031080152
0.0,0.00030932997
0.0,9.154409e-05
0.0,5.8013393e-07
1.0,0.99995124
1.0,0.88383937
0.0,0.0038921852
1.0,0.082774
0.0,2.1507065e-05
1.0,0.9993821
0.0,1.706915e-05
0.0,3.5195603e-06
1.0,0.99995995
