y_true,y_pred
0.0,9.161499e-05
1.0,0.9999998
0.0,0.85626566
1.0,0.9999618
0.0,1.2344519e-06
1.0,0.9999998
0.0,0.014796151
1.0,0.9979336
1.0,0.99995226
0.0,0.00042172303
