y_true,y_pred
0.0,7.4733754e-05
0.0,0.00086168887
0.0,0.0033766541
0.0,0.0017920105
1.0,0.16081366
1.0,0.90594524
0.0,0.7520686
0.0,0.00049355533
1.0,0.6090122
1.0,0.9999277
1.0,0.9955153
0.0,0.031799044
1.0,0.9502803
1.0,0.9986433
1.0,0.999915
0.0,0.013559112
1.0,0.99499536
1.0,0.99682504
0.0,0.95039994
1.0,0.986734
0.0,0.00086856465
0.0,0.7670309
0.0,0.8923992
0.0,0.12862693
0.0,0.019350287
1.0,0.99942946
1.0,0.99926114
1.0,0.39382014
0.0,0.7016116
1.0,0.9513588
