y_true,y_pred
1.0,0.9996918
0.0,6.041719e-07
0.0,0.9841143
1.0,0.8900819
1.0,0.9992284
1.0,0.9710129
0.0,1.2056121e-05
1.0,0.9075299
0.0,0.00028281004
0.0,0.00016379716
0.0,0.00013608036
1.0,0.99997
1.0,0.9999553
0.0,0.00019423106
1.0,0.15123752
0.0,2.4016505e-05
1.0,0.9984594
0.0,0.00042041778
0.0,1.8826035e-05
1.0,0.9997968
