y_true,y_pred
0.0,1.1626417e-05
1.0,0.9999942
0.0,0.99374676
1.0,0.968138
0.0,6.4111546e-08
1.0,0.9999808
0.0,5.4114138e-05
1.0,0.9999941
1.0,0.99972665
0.0,5.221091e-06
