y_true,y_pred
0.0,4.4084636e-06
0.0,2.3586876e-05
0.0,0.116991974
0.0,0.05285807
1.0,0.38498297
1.0,0.76158786
0.0,0.00039875865
0.0,6.5297056e-05
1.0,0.2608612
1.0,0.99883425
1.0,0.9993348
0.0,0.012697503
1.0,0.98258996
1.0,0.99650204
1.0,0.9981851
0.0,3.2019718e-05
1.0,0.9592448
1.0,0.39167032
0.0,0.7322436
1.0,0.98792714
0.0,2.5354937e-05
0.0,0.012613494
0.0,0.79107064
0.0,0.00088009913
0.0,0.0048086615
1.0,0.99709994
1.0,0.9403706
1.0,0.99824846
0.0,0.093929276
1.0,0.96558803
