y_true,y_pred
0.0,0.07003952
0.0,0.002975285
0.0,0.006979219
0.0,0.0029016007
1.0,0.99920905
1.0,0.23389255
0.0,0.024005864
0.0,0.006349476
1.0,0.04004517
1.0,0.023568885
1.0,0.36527833
0.0,0.0017936592
1.0,0.9975729
1.0,0.94730616
1.0,0.83612293
0.0,0.026851386
1.0,0.97626215
1.0,0.007995185
0.0,0.949452
1.0,0.99843335
0.0,0.075936444
0.0,0.8669889
0.0,0.118415184
0.0,0.0005046659
0.0,0.1084516
1.0,0.9593972
1.0,0.9768163
1.0,0.97609246
0.0,0.032206904
1.0,0.9995556
