y_true,y_pred
1.0,0.9998291
0.0,0.0041929316
0.0,0.97731006
1.0,0.9995951
1.0,0.36174867
1.0,0.9996799
0.0,0.0010410508
1.0,0.99981016
0.0,0.00052072556
0.0,0.06608344
0.0,0.005908278
1.0,0.9328958
1.0,0.99420905
0.0,0.000113902905
1.0,0.46273148
0.0,0.009537513
1.0,0.003690154
0.0,0.0058127935
0.0,0.00097257725
1.0,0.937926
