y_true,y_pred
0.0,0.0030973016
1.0,0.9960173
0.0,0.998171
1.0,0.9999782
0.0,0.018210446
1.0,0.02354348
0.0,9.759491e-05
1.0,0.9999405
1.0,0.99305737
0.0,0.02650608
