y_true,y_pred
1.0,0.9890019
0.0,0.99296635
0.0,0.9983948
1.0,0.9843824
1.0,0.99786186
1.0,0.9997106
0.0,0.0009295576
1.0,0.99525756
0.0,0.01296302
0.0,0.0041555446
0.0,0.17148766
1.0,0.9966871
1.0,0.99400496
0.0,0.014548968
1.0,0.9878385
0.0,0.002958237
1.0,0.9843427
0.0,0.03265482
0.0,0.6467398
1.0,0.9475619
