y_true,y_pred
0.0,0.0016842501
1.0,0.7139203
0.0,0.9873114
1.0,0.9999199
0.0,0.94727373
1.0,0.9995069
0.0,7.366196e-05
1.0,0.8904876
1.0,0.98379105
0.0,0.00011600372
