y_true,y_pred
0.0,0.9883617
0.0,0.007931088
0.0,0.13888128
0.0,0.5070112
1.0,0.98447186
1.0,0.4769555
0.0,0.11196524
0.0,0.2452179
1.0,0.9564649
1.0,0.046152078
1.0,0.37163877
0.0,0.0027748125
1.0,0.097043395
1.0,0.94263256
1.0,0.8776286
0.0,0.009832307
1.0,0.7811651
1.0,0.8886756
0.0,0.9924381
1.0,0.9464521
0.0,0.010460552
0.0,0.0041422923
0.0,0.7859936
0.0,0.0012964957
0.0,0.011692049
1.0,0.9351239
1.0,0.59835035
1.0,0.21709713
0.0,0.21163498
1.0,0.8485696
