y_true,y_pred
1.0,0.99940866
0.0,0.066636115
1.0,0.43467602
0.0,0.00046296895
1.0,0.99339
1.0,0.2140219
0.0,0.6161106
0.0,0.00056927145
1.0,0.994948
1.0,0.2372469
0.0,0.000548494
1.0,0.066245735
1.0,0.99842817
1.0,0.9776829
1.0,0.88055485
0.0,0.93903387
0.0,0.90788335
1.0,0.92062545
0.0,0.0003584419
0.0,0.0022399423
0.0,0.3910554
0.0,0.00023643882
0.0,0.0028098908
1.0,0.65290487
1.0,0.9979583
0.0,0.021832006
0.0,0.002657182
1.0,0.97897583
