y_true,y_pred
1.0,0.9837946
1.0,0.9992271
1.0,0.1750125
1.0,0.99952507
1.0,0.68570846
0.0,0.48305908
0.0,0.00014200645
0.0,0.008075887
0.0,0.00031503596
1.0,0.99586594
0.0,0.00033162176
0.0,6.9013484e-05
1.0,0.9996283
0.0,0.000117701056
1.0,0.73304355
0.0,0.00036566102
0.0,0.00054761604
1.0,0.9987322
