y_true,y_pred
1.0,0.999674
0.0,0.011906871
1.0,0.9999144
0.0,1.3242674e-05
1.0,0.96940815
0.0,0.00012675796
1.0,0.9294016
0.0,2.4768402e-05
