y_true,y_pred
1.0,0.99872106
0.0,0.00019814358
0.0,0.001847078
1.0,0.9999956
1.0,0.9987965
1.0,0.981418
0.0,0.34914443
1.0,0.7544483
0.0,0.00014805418
0.0,0.00017683882
0.0,0.00013868892
1.0,0.9901943
1.0,0.99921715
0.0,0.04516408
1.0,0.9820098
0.0,0.022490589
1.0,0.77339256
0.0,0.22453491
0.0,0.110486805
1.0,0.9644146
