y_true,y_pred
0.0,0.03688695
0.0,0.33347917
0.0,0.0033755468
0.0,0.053048644
1.0,0.93435466
1.0,0.75935966
0.0,0.23609276
0.0,0.29291266
1.0,0.99165815
1.0,0.9993906
1.0,0.48263466
0.0,0.68238497
1.0,0.9995665
1.0,0.9960683
1.0,0.9951131
0.0,0.688876
1.0,0.9955723
1.0,0.84957826
0.0,0.013661228
1.0,0.7742704
0.0,0.9108933
0.0,0.07519695
0.0,0.19717117
0.0,0.32133403
0.0,0.9332964
1.0,0.86107045
1.0,0.9490192
1.0,0.9839426
0.0,0.22971837
1.0,0.9999864
