y_true,y_pred
0.0,0.000909692
1.0,0.9992216
0.0,0.0019327987
1.0,0.99891967
0.0,0.00023806977
1.0,0.947371
0.0,0.005102405
1.0,0.99919945
1.0,0.9997439
0.0,0.0006069613
