y_true,y_pred
0.0,0.004743621
1.0,0.9999884
0.0,0.95795596
1.0,0.99996835
0.0,0.0016929323
1.0,0.9999064
0.0,0.0003223584
1.0,0.99914867
1.0,0.99989563
0.0,2.2691735e-05
