y_true,y_pred
1.0,0.021158341
0.0,0.00732796
0.0,0.8414646
1.0,0.9988075
1.0,0.9996785
1.0,0.99994904
0.0,1.4143709e-05
1.0,0.015496466
0.0,0.0005739569
0.0,1.811281e-06
0.0,1.2819243e-05
1.0,0.02031626
1.0,0.99946344
0.0,0.00022890595
1.0,0.039599176
0.0,6.701368e-07
1.0,0.99997604
0.0,0.0014656318
0.0,9.091801e-06
1.0,0.9933608
