y_true,y_pred
0.0,0.21636452
0.0,8.9283996e-05
0.0,0.16460694
0.0,0.4682189
1.0,0.8719831
1.0,0.27057216
0.0,0.00035434472
0.0,0.0012945978
1.0,0.9999517
1.0,0.9985936
1.0,0.9919016
0.0,0.043528557
1.0,0.58306926
1.0,0.9409539
1.0,0.9364563
0.0,0.00019390525
1.0,0.9949779
1.0,0.9140123
0.0,0.88611394
1.0,0.0026142842
0.0,0.058536988
0.0,8.865482e-05
0.0,0.00019000431
0.0,0.016059222
0.0,0.017967386
1.0,0.91553545
1.0,0.9987594
1.0,0.95484763
0.0,0.52420896
1.0,0.8063971
