y_true,y_pred
0.0,5.1552805e-05
1.0,0.99999744
0.0,2.025441e-05
1.0,0.9999942
0.0,6.1616256e-06
1.0,0.9999966
0.0,0.008053151
1.0,0.9604997
1.0,0.9984537
0.0,1.3631168e-06
