y_true,y_pred
1.0,0.9999743
0.0,8.02343e-05
0.0,0.00020529247
1.0,0.2402107
1.0,0.97958785
1.0,0.99998343
0.0,0.00013084478
1.0,0.999998
0.0,0.00010424931
0.0,8.8336776e-05
0.0,2.1120657e-05
1.0,0.9980414
1.0,0.96751964
0.0,0.012155479
1.0,0.9999431
0.0,0.00012823142
1.0,0.99994993
0.0,0.0013490556
0.0,9.381386e-05
1.0,0.99999297
