y_true,y_pred
0.0,0.00092126994
0.0,0.035134315
0.0,0.00015582718
0.0,0.0011199403
1.0,0.99998575
1.0,0.9998198
0.0,0.001146829
0.0,0.0008448262
1.0,0.9997472
1.0,0.9981767
1.0,0.014681765
0.0,0.0018146887
1.0,0.9996874
1.0,0.7793712
1.0,0.9999938
0.0,0.0022612016
1.0,0.9992615
1.0,0.99625516
0.0,0.0010864075
1.0,0.45629144
0.0,0.0009240862
0.0,0.0012481306
0.0,0.0015277956
0.0,0.031250313
0.0,0.018116646
1.0,0.9908655
1.0,0.9996132
1.0,0.8172892
0.0,0.003833066
1.0,0.8179038
