y_true,y_pred
1.0,0.99994224
0.0,0.83204275
0.0,0.0060509797
1.0,0.028327856
1.0,0.5969008
1.0,0.4210661
0.0,0.00029982807
1.0,0.9974434
0.0,0.96775705
0.0,3.2861994e-05
0.0,0.00024568272
1.0,0.99992836
1.0,0.99670935
0.0,0.056404985
1.0,0.9999589
0.0,0.29521793
1.0,0.9999906
0.0,0.00014809893
0.0,1.1829579e-05
1.0,0.784723
