y_true,y_pred
0.0,0.8517994
1.0,0.94800544
0.0,0.0017432544
1.0,0.7216272
0.0,0.7597705
1.0,0.99999917
0.0,0.00077647745
1.0,0.9935468
1.0,0.8623125
0.0,0.00015210583
