y_true,y_pred
0.0,0.74711525
0.0,0.010144493
0.0,0.00032371038
0.0,0.0010598736
1.0,0.83016783
1.0,0.9870022
0.0,0.53476673
0.0,4.4299682e-05
1.0,0.99953705
1.0,0.51999193
1.0,0.32544237
0.0,0.0014148193
1.0,0.99775463
1.0,0.21420057
1.0,0.6237937
0.0,0.0071889865
1.0,0.99596304
1.0,0.9645406
0.0,0.0028596658
1.0,0.9826443
0.0,0.0011721707
0.0,0.0003043511
0.0,0.00014317973
0.0,0.0027810063
0.0,0.00055558165
1.0,0.9973214
1.0,0.20671315
1.0,0.93429214
0.0,0.001710891
1.0,0.044228088
