y_true,y_pred
0.0,0.041221086
0.0,1.7173857e-05
0.0,0.8694385
0.0,0.9589205
1.0,0.99642116
1.0,0.9119977
0.0,0.0017790454
0.0,0.004635535
1.0,0.99991643
1.0,0.9727224
1.0,0.9686871
0.0,0.43021762
1.0,0.96757203
1.0,0.99215484
1.0,0.9295783
0.0,0.18437663
1.0,0.98155665
1.0,0.98472995
0.0,0.9356838
1.0,0.017821841
0.0,0.006263224
0.0,0.002132587
0.0,0.0007424975
0.0,0.009817146
0.0,0.0016082921
1.0,0.8992799
1.0,0.998472
1.0,0.98013633
0.0,0.50181913
1.0,0.99502015
