y_true,y_pred
1.0,0.13041882
0.0,0.017128743
0.0,0.04022409
1.0,0.9958589
1.0,0.9977302
1.0,0.99921376
0.0,3.2683776e-08
1.0,0.96262264
0.0,0.0034165191
0.0,8.679318e-06
0.0,0.00020734659
1.0,0.74597216
1.0,0.9981913
0.0,0.00015999808
1.0,0.7075488
0.0,0.0005185714
1.0,0.9993002
0.0,0.00018602572
0.0,1.1224536e-05
1.0,0.9970153
