y_true,y_pred
0.0,0.021268733
1.0,0.99999857
0.0,0.9986169
1.0,0.99999714
0.0,0.37522602
1.0,0.99999547
0.0,0.00015858476
1.0,0.9999877
1.0,0.99998194
0.0,0.004125263
