y_true,y_pred
0.0,1.2397512e-05
1.0,0.9997754
0.0,4.468328e-05
1.0,0.99980295
0.0,2.4705975e-07
1.0,0.9986886
0.0,4.456399e-06
1.0,0.99869066
1.0,0.9999275
0.0,7.1189395e-05
