y_true,y_pred
1.0,0.99561507
0.0,6.523924e-06
0.0,0.00073640805
1.0,0.998852
1.0,0.9998811
1.0,0.99942964
0.0,0.008152047
1.0,0.9860196
0.0,0.0026260486
0.0,0.016797442
0.0,0.037255485
1.0,0.999995
1.0,0.99830145
0.0,0.00016912537
1.0,0.99855363
0.0,0.00022871613
1.0,0.99987566
0.0,0.0015711638
0.0,3.9122635e-05
1.0,0.9998351
