y_true,y_pred
0.0,8.5823114e-05
0.0,0.00012462221
0.0,0.00769443
0.0,0.00028921352
1.0,0.21548888
1.0,0.49468216
0.0,0.00061571004
0.0,0.0020906867
1.0,0.9794213
1.0,0.04131345
1.0,0.7225797
0.0,0.01672687
1.0,0.9833843
1.0,0.81439614
1.0,0.37221333
0.0,0.00035098655
1.0,0.9338348
1.0,0.07523282
0.0,0.006807816
1.0,0.29653022
0.0,0.0032962654
0.0,0.0014029578
0.0,0.012194147
0.0,0.0017478735
0.0,0.02110123
1.0,0.99564433
1.0,0.99563354
1.0,0.8263804
0.0,0.015302489
1.0,0.78405184
