y_true,y_pred
1.0,0.9118776
0.0,0.00019435205
0.0,0.985747
1.0,0.0028943478
1.0,0.054104198
1.0,0.99843514
0.0,4.0379127e-05
1.0,0.53630054
0.0,3.4027486e-05
0.0,0.00017142386
0.0,0.00020970026
1.0,0.9991652
1.0,0.9952308
0.0,0.00046275047
1.0,0.2826817
0.0,0.95136833
1.0,0.7808898
0.0,0.0002867113
0.0,5.0581195e-05
1.0,0.3278589
