y_true,y_pred
0.0,0.00043674588
1.0,0.04496127
0.0,0.9991448
1.0,0.99989516
0.0,0.0019600745
1.0,0.9983023
0.0,0.012285135
1.0,0.99995774
1.0,0.99103504
0.0,6.67038e-05
