y_true,y_pred
0.0,0.0014955963
0.0,0.9738516
0.0,0.00072830217
0.0,0.14943227
1.0,0.075418435
1.0,0.60080856
0.0,0.00086480053
0.0,0.0013263352
1.0,0.14156607
1.0,0.9995375
1.0,0.9905241
0.0,0.0027605777
1.0,0.99426687
1.0,0.020166785
1.0,0.02638441
0.0,0.994469
1.0,0.007086159
1.0,0.2593198
0.0,0.65263265
1.0,0.76016265
0.0,0.0005822418
0.0,0.0016456032
0.0,0.0019297085
0.0,0.03183347
0.0,0.06241441
1.0,0.99798197
1.0,0.9464303
1.0,0.879869
0.0,0.16294782
1.0,0.015676012
