y_true,y_pred
0.0,0.038084652
1.0,0.999984
0.0,0.00093625614
1.0,0.99874735
0.0,0.34265104
1.0,0.99997276
0.0,0.49642235
1.0,0.35620725
1.0,0.9994309
0.0,0.00043977372
