y_true,y_pred
0.0,0.39908376
0.0,0.008722681
0.0,0.018686982
0.0,0.01469893
1.0,0.98550916
1.0,0.8348195
0.0,0.017390471
0.0,0.17368968
1.0,0.30448452
1.0,0.55702674
1.0,0.13973583
0.0,0.01673906
1.0,0.98592263
1.0,0.30681673
1.0,0.9970771
0.0,0.0049291076
1.0,0.9936322
1.0,0.2140783
0.0,0.040964346
1.0,0.032783803
0.0,0.006584268
0.0,0.03313946
0.0,0.014959512
0.0,0.04420489
0.0,0.10399704
1.0,0.6536521
1.0,0.8021989
1.0,0.032588556
0.0,0.008890301
1.0,0.03349188
