y_true,y_pred
1.0,0.9994151
0.0,0.4645056
0.0,0.0012732922
1.0,0.4142789
1.0,0.91512245
1.0,0.99102294
0.0,0.00054417475
1.0,0.999095
0.0,0.0037972236
0.0,0.0007445186
0.0,0.0004503562
1.0,0.9993319
1.0,0.24726777
0.0,0.19758438
1.0,0.9978879
0.0,8.784844e-05
1.0,0.98018837
0.0,0.02027089
0.0,0.1001432
1.0,0.9990032
