y_true,y_pred
0.0,3.8100428e-08
1.0,1.0
0.0,0.0001590544
1.0,1.0
0.0,0.95561266
1.0,0.99999684
0.0,0.7095047
1.0,1.0
1.0,0.9999988
0.0,3.7311129e-06
