y_true,y_pred
1.0,0.9999999
0.0,0.999752
0.0,8.839457e-05
1.0,0.9999998
1.0,0.9999983
1.0,1.0
0.0,1.7624094e-06
1.0,0.999997
0.0,5.8846528e-09
0.0,6.304648e-07
0.0,7.962983e-07
1.0,1.0
1.0,1.0
0.0,0.9993502
1.0,0.99999994
0.0,8.273775e-07
1.0,0.9999999
0.0,0.00071441865
0.0,3.0081543e-05
1.0,1.0
