y_true,y_pred
0.0,0.9986625
0.0,6.552748e-05
0.0,0.0009776732
0.0,0.00037444834
1.0,0.99992883
1.0,0.9999829
0.0,2.624713e-05
0.0,0.013960685
1.0,0.99998873
1.0,0.94927096
1.0,0.9999921
0.0,0.0047343792
1.0,0.9999761
1.0,0.99995536
1.0,0.99999976
0.0,0.010716084
1.0,0.99929494
1.0,0.9999896
0.0,0.03670096
1.0,0.99995965
0.0,0.0028287603
0.0,0.008228034
0.0,0.7314911
0.0,0.9996005
0.0,0.2985942
1.0,0.9999997
1.0,0.9999937
1.0,0.9999963
0.0,0.00014459921
1.0,0.99996686
