y_true,y_pred
0.0,0.37959236
0.0,0.65992165
0.0,0.012330767
0.0,0.21747465
1.0,0.15761034
1.0,0.41300842
0.0,0.17017893
0.0,0.07619907
1.0,0.99865353
1.0,0.99860334
1.0,0.99882483
0.0,0.29910308
1.0,0.50978386
1.0,0.10763117
1.0,0.9936015
0.0,0.019840525
1.0,0.99538547
1.0,0.93975747
0.0,0.019725868
1.0,0.6089261
0.0,0.67782223
0.0,0.10407128
0.0,0.22146259
0.0,0.01574211
0.0,0.013940921
1.0,0.7970029
1.0,0.13362274
1.0,0.94010985
0.0,0.16349488
1.0,0.997671
