y_true,y_pred
1.0,0.22170353
0.0,0.011709154
0.0,0.0006330619
1.0,0.9996675
1.0,0.26357722
1.0,0.037031066
0.0,0.10119314
1.0,0.98068506
0.0,0.0354935
0.0,0.0010407929
0.0,0.0029258896
1.0,0.98428994
1.0,0.7685279
0.0,0.00033827193
1.0,0.059339054
0.0,0.016225224
1.0,0.9999084
0.0,0.0008802459
0.0,0.00086951564
1.0,0.9995197
