y_true,y_pred
0.0,0.001476878
1.0,0.9996996
0.0,6.7234425e-05
1.0,0.00047541677
0.0,7.549164e-05
1.0,0.9998021
0.0,6.3518666e-05
1.0,0.6964382
1.0,0.0046060598
0.0,6.955625e-05
