y_true,y_pred
0.0,1.5147354e-05
1.0,0.99953413
0.0,0.73524433
1.0,0.999901
0.0,3.802468e-06
1.0,0.23061606
0.0,0.0006528388
1.0,0.9999903
1.0,0.99405926
0.0,6.2042214e-05
