y_true,y_pred
0.0,0.00035614904
0.0,0.023092415
0.0,0.00084206875
0.0,0.09956718
1.0,0.9034174
1.0,0.33078122
0.0,0.0004178781
0.0,0.000445061
1.0,0.0027112074
1.0,0.94699436
1.0,0.96894884
0.0,0.00049464736
1.0,0.9920434
1.0,0.016547466
1.0,0.18031055
0.0,0.0036988403
1.0,0.0072576916
1.0,0.47723177
0.0,0.007627274
1.0,0.06454856
0.0,0.0002777083
0.0,0.004194433
0.0,0.00049395696
0.0,0.0025590307
0.0,0.0021904137
1.0,0.4907688
1.0,0.6461581
1.0,0.9957251
0.0,0.011647608
1.0,0.97898835
