y_true,y_pred
1.0,0.99997586
0.0,6.582038e-05
0.0,0.17648627
1.0,0.9997751
1.0,0.92509645
1.0,0.9941197
0.0,4.59247e-05
1.0,0.9967964
0.0,0.00021224262
0.0,0.00035292844
0.0,0.00037168228
1.0,0.7043659
1.0,0.9999736
0.0,0.0011005482
1.0,0.7464915
0.0,0.0006028527
1.0,0.23933995
0.0,0.0016090189
0.0,6.53153e-05
1.0,0.9887268
